,f1_micro_mean_test,f1_micro_mean_train,f1_micro_std_train,max_feature,min_samples_leaf,min_samples_split,n_estimators,time
0,0.5484615384615384,0.6455727807514569,0.01252656620599704,2.0,2.0,2.0,100.0,-7.098928999999998
1,0.56,0.648455174892231,0.011595996058146712,2.0,2.0,2.0,300.0,-21.190923999999995
2,0.5584615384615385,0.6469173056116747,0.01138688357479504,2.0,2.0,2.0,500.0,-33.34568899999999
3,0.553076923076923,0.6521110586656066,0.010031739095215602,2.0,2.0,2.0,700.0,-50.61130700000001
4,0.5561538461538461,0.649033986307333,0.011850723688753425,2.0,2.0,2.0,800.0,-55.998803000000066
5,0.5607692307692308,0.6448009576920603,0.01208732092839078,2.0,2.0,2.0,900.0,-64.05693699999995
6,0.5584615384615385,0.652881435591883,0.014917788895460546,4.0,2.0,2.0,100.0,-12.055523999999991
7,0.5561538461538461,0.6488393084745457,0.013356281028745417,4.0,2.0,2.0,300.0,-34.18736799999999
8,0.553076923076923,0.6486492956617679,0.01480727604973791,4.0,2.0,2.0,500.0,-56.18052900000009
9,0.5492307692307692,0.6501852783137473,0.011062196098940566,4.0,2.0,2.0,700.0,-76.22237200000006
10,0.5561538461538461,0.6515336903059273,0.012500115477899905,4.0,2.0,2.0,800.0,-79.38714799999991
11,0.5546153846153846,0.6526868708644796,0.010960329338339743,4.0,2.0,2.0,900.0,-87.45577200000002
12,0.553076923076923,0.6413341968921684,0.016022026315773274,6.0,2.0,2.0,100.0,-11.823266999999987
13,0.5561538461538461,0.6501837229223653,0.013070934770338825,6.0,2.0,2.0,300.0,-42.16353700000013
14,0.556923076923077,0.6497978115850231,0.01398985054788767,6.0,2.0,2.0,500.0,-56.48024599999985
15,0.5523076923076923,0.6515315790054316,0.016153028678243267,6.0,2.0,2.0,700.0,-92.72345900000005
16,0.553076923076923,0.6503772897063493,0.011674798858974494,6.0,2.0,2.0,800.0,-88.85566100000005
17,0.5507692307692308,0.6503797330134645,0.01201177603074562,6.0,2.0,2.0,900.0,-114.57378900000003
18,0.5476923076923077,0.6442198141516658,0.01113041465858502,8.0,2.0,2.0,100.0,-18.83329200000003
19,0.5538461538461539,0.6449906361899456,0.013550743552899263,8.0,2.0,2.0,300.0,-51.100410999999895
20,0.5546153846153846,0.6482628295694485,0.013217327244062344,8.0,2.0,2.0,500.0,-89.61881999999991
21,0.5561538461538461,0.6486468531240771,0.011934018945507496,8.0,2.0,2.0,700.0,-122.64130499999987
22,0.5523076923076923,0.6503780664402599,0.013766081579169554,8.0,2.0,2.0,800.0,-140.90975100000014
23,0.5515384615384615,0.6513420120740814,0.012223485116847805,8.0,2.0,2.0,900.0,-160.90601400000014
24,0.5484615384615384,0.6457632359832526,0.01424995991840312,10.0,2.0,2.0,100.0,-21.68969900000002
25,0.5561538461538461,0.6476863498949269,0.015372751099263206,10.0,2.0,2.0,300.0,-58.07944399999997
26,0.55,0.647877473756508,0.012914523532905448,10.0,2.0,2.0,500.0,-90.8168840000003
27,0.556923076923077,0.6484561743744993,0.012126822049781112,10.0,2.0,2.0,700.0,-132.700558
28,0.5507692307692308,0.6453764367301771,0.012431348509166022,10.0,2.0,2.0,800.0,-156.54658500000005
29,0.5561538461538461,0.6488399751807701,0.0124324915793372,10.0,2.0,2.0,900.0,-182.559796
30,0.5446153846153846,0.6444139364600515,0.009597338075011447,12.0,2.0,2.0,100.0,-24.835986000000048
31,0.5592307692307692,0.6434515450634755,0.013087044738011326,12.0,2.0,2.0,300.0,-69.71483399999988
32,0.5492307692307692,0.6478770301833535,0.010873474175571614,12.0,2.0,2.0,500.0,-120.9787309999997
33,0.5538461538461539,0.6492262192941562,0.013587951770723054,12.0,2.0,2.0,700.0,-170.22227399999974
34,0.5576923076923077,0.6467229613243557,0.01178053924653445,12.0,2.0,2.0,800.0,-194.316558
35,0.553076923076923,0.6453764363454649,0.01355152608422582,12.0,2.0,2.0,900.0,-213.26992599999994
36,0.5461538461538461,0.6394118612532534,0.012007657912584166,13.0,2.0,2.0,100.0,-27.167038000000503
37,0.5592307692307692,0.6457641250531224,0.013323907521555347,13.0,2.0,2.0,300.0,-76.21315999999933
38,0.55,0.6469175260517592,0.015864095842864145,13.0,2.0,2.0,500.0,-132.09776500000044
39,0.556923076923077,0.6459533592084289,0.014602325028623542,13.0,2.0,2.0,700.0,-183.99845599999935
40,0.5538461538461539,0.6428759540741115,0.014787348575501413,13.0,2.0,2.0,800.0,-195.1348079999998
41,0.5592307692307692,0.6501882759911274,0.014380929399882733,13.0,2.0,2.0,900.0,-227.31460200000038
42,0.5515384615384615,0.6215139156839006,0.0064080872810244015,2.0,4.0,2.0,100.0,-5.262895999999273
43,0.5546153846153846,0.6274822659568272,0.011402436038155458,2.0,4.0,2.0,300.0,-16.87110400000074
44,0.5607692307692308,0.6238257158619395,0.012622428331072372,2.0,4.0,2.0,500.0,-28.64173000000028
45,0.5538461538461539,0.622478304121452,0.009302078728299513,2.0,4.0,2.0,700.0,-36.97003500000028
46,0.55,0.6230542278868599,0.008718959763919603,2.0,4.0,2.0,800.0,-38.674651999999696
47,0.5584615384615385,0.6253650289673428,0.013472619412322324,2.0,4.0,2.0,900.0,-46.811283
48,0.5523076923076923,0.6209422095182255,0.01585867051734344,4.0,4.0,2.0,100.0,-8.558839000000262
49,0.5553846153846154,0.629790402520686,0.012756082160982892,4.0,4.0,2.0,300.0,-23.256139000000076
50,0.5546153846153846,0.6282499791359039,0.01076658865401014,4.0,4.0,2.0,500.0,-40.01207500000055
51,0.5553846153846154,0.6276727219580472,0.013111495256363116,4.0,4.0,2.0,700.0,-65.02663500000017
52,0.55,0.628632336886752,0.009552153132271042,4.0,4.0,2.0,800.0,-65.9065500000006
53,0.5553846153846154,0.6294043807709454,0.01112605299499191,4.0,4.0,2.0,900.0,-74.72858300000007
54,0.5538461538461539,0.6274778244546,0.008307630590152803,6.0,4.0,2.0,100.0,-11.858456999999362
55,0.5492307692307692,0.629790847247977,0.011496008263075765,6.0,4.0,2.0,300.0,-34.81277200000022
56,0.5576923076923077,0.6292143691123041,0.009787502323346573,6.0,4.0,2.0,500.0,-59.88997999999992
57,0.5538461538461539,0.6284417681648603,0.012093790380651096,6.0,4.0,2.0,700.0,-77.21507500000007
58,0.5523076923076923,0.6280573010370775,0.01122366019321721,6.0,4.0,2.0,800.0,-85.65459800000008
59,0.5515384615384615,0.6299829705918262,0.009504158217962773,6.0,4.0,2.0,900.0,-99.55865900000026
60,0.5546153846153846,0.6280565254573035,0.005629504236396254,8.0,4.0,2.0,100.0,-13.54228299999977
61,0.5523076923076923,0.62882690238358,0.010685555656936916,8.0,4.0,2.0,300.0,-41.4186380000001
62,0.5484615384615384,0.6307501270923649,0.013287803752402329,8.0,4.0,2.0,500.0,-69.92569299999923
63,0.5607692307692308,0.6301740932992707,0.010233764239265222,8.0,4.0,2.0,700.0,-88.85980800000016
64,0.5515384615384615,0.6290181355034228,0.014120983919273807,8.0,4.0,2.0,800.0,-109.67497100000037
65,0.5507692307692308,0.6267121098553474,0.010217240355808267,8.0,4.0,2.0,900.0,-120.38835600000039
66,0.5476923076923077,0.6226717589541889,0.011155469591094848,10.0,4.0,2.0,100.0,-16.218942000000425
67,0.5453846153846154,0.6282502003454127,0.013546870984242041,10.0,4.0,2.0,300.0,-49.513198999999986
68,0.5523076923076923,0.6292135916089693,0.009484078420453465,10.0,4.0,2.0,500.0,-81.35624100000041
69,0.5576923076923077,0.629983191416623,0.013145310029699023,10.0,4.0,2.0,700.0,-121.97868800000015
70,0.55,0.6290204683981395,0.012038137021327304,10.0,4.0,2.0,800.0,-129.11380999999983
71,0.5523076923076923,0.6288289009634042,0.012514786146842096,10.0,4.0,2.0,900.0,-150.5747540000002
72,0.5423076923076923,0.6220932814692675,0.009084256781351361,12.0,4.0,2.0,100.0,-19.40294400000039
73,0.5523076923076923,0.6265199865114982,0.012213955103748939,12.0,4.0,2.0,300.0,-58.66006600000037
74,0.5484615384615384,0.6265192090081633,0.012229760146775761,12.0,4.0,2.0,500.0,-98.93403000000035
75,0.5538461538461539,0.6288304559700739,0.01278317747194504,12.0,4.0,2.0,700.0,-137.96908500000063
76,0.5507692307692308,0.6280604106657047,0.012310364965570803,12.0,4.0,2.0,800.0,-153.80293900000015
77,0.553076923076923,0.6276735002308066,0.010665691785011972,12.0,4.0,2.0,900.0,-169.78661300000022
78,0.5407692307692308,0.6243993071173427,0.013391511683577184,13.0,4.0,2.0,100.0,-23.09073200000057
79,0.553076923076923,0.6284418789619709,0.012908037766849068,13.0,4.0,2.0,300.0,-68.62482699999964
80,0.5453846153846154,0.6259438411518692,0.011618200260871493,13.0,4.0,2.0,500.0,-115.03339699999924
81,0.556923076923077,0.6276740542163594,0.014604908013622617,13.0,4.0,2.0,700.0,-142.3196390000012
82,0.55,0.6270974648988638,0.012680165377727214,13.0,4.0,2.0,800.0,-173.75786100000005
83,0.546923076923077,0.6269050091636829,0.012427604949224465,13.0,4.0,2.0,900.0,-185.73477099999945
84,0.5461538461538461,0.6009275836379265,0.008528627229614213,2.0,8.0,2.0,100.0,-4.575043000000733
85,0.5453846153846154,0.6030414874810014,0.009607368215500275,2.0,8.0,2.0,300.0,-13.849960000001374
86,0.5423076923076923,0.6036191878473002,0.01043204298167683,2.0,8.0,2.0,500.0,-18.98047100000076
87,0.5492307692307692,0.6045800238524942,0.00857674138892026,2.0,8.0,2.0,700.0,-23.18297900000107
88,0.5476923076923077,0.6047731459091873,0.0087911639479304,2.0,8.0,2.0,800.0,-26.74409999999989
89,0.5438461538461539,0.6041958891160429,0.010019783460819375,2.0,8.0,2.0,900.0,-33.12438199999997
90,0.5446153846153846,0.6065055822254203,0.006487146901678395,4.0,8.0,2.0,100.0,-6.919765000000552
91,0.5484615384615384,0.6068914912544894,0.013106894218390825,4.0,8.0,2.0,300.0,-19.647178000001077
92,0.5461538461538461,0.6080443386522856,0.01179673832148739,4.0,8.0,2.0,500.0,-32.635072999999466
93,0.5484615384615384,0.6055427472556899,0.008246977593431978,4.0,8.0,2.0,700.0,-41.16218900000058
94,0.5438461538461539,0.6070825043189599,0.010017664849657057,4.0,8.0,2.0,800.0,-44.96414299999924
95,0.5484615384615384,0.607082059976381,0.010437357949901945,4.0,8.0,2.0,900.0,-56.83463400000073
96,0.5453846153846154,0.6066978163663801,0.005165236794709808,6.0,8.0,2.0,100.0,-8.159863000000769
97,0.5446153846153846,0.6084315834020765,0.009330610699726878,6.0,8.0,2.0,300.0,-22.1377569999986
98,0.5492307692307692,0.6072726286982727,0.008272049336828848,6.0,8.0,2.0,500.0,-37.21433900000011
99,0.5461538461538461,0.6061198920975871,0.009893663452497406,6.0,8.0,2.0,700.0,-60.549503000000186
100,0.546923076923077,0.6074679724678598,0.00634184854108272,6.0,8.0,2.0,800.0,-55.14994399999887
101,0.5438461538461539,0.6097759978498959,0.00851967978445143,6.0,8.0,2.0,900.0,-74.34171500000048
102,0.5407692307692308,0.605349735226683,0.011335922225948196,8.0,8.0,2.0,100.0,-11.021375000000262
103,0.5407692307692308,0.6061204468525642,0.011512791254367435,8.0,8.0,2.0,300.0,-34.225768000000244
104,0.5484615384615384,0.6078526611898639,0.008728542369860714,8.0,8.0,2.0,500.0,-56.52375300000131
105,0.5453846153846154,0.6061188933847432,0.007573319548501245,8.0,8.0,2.0,700.0,-55.999541000001045
106,0.5446153846153846,0.6057369807458982,0.006414030078317033,8.0,8.0,2.0,800.0,-75.71165400000064
107,0.5446153846153846,0.6057373131372299,0.008652032216345548,8.0,8.0,2.0,900.0,-94.73237499999959
108,0.5438461538461539,0.606123557250616,0.009944434944812244,10.0,8.0,2.0,100.0,-9.232238000000507
109,0.5438461538461539,0.607662981537842,0.010422048278252294,10.0,8.0,2.0,300.0,-29.272939000000406
110,0.5423076923076923,0.6053525124639786,0.008907424904842306,10.0,8.0,2.0,500.0,-47.0272849999983
111,0.5446153846153846,0.6049676009936168,0.008397249401040665,10.0,8.0,2.0,700.0,-84.49927600000046
112,0.5384615384615384,0.6063152354824619,0.01004874339717098,10.0,8.0,2.0,800.0,-96.24753500000043
113,0.55,0.6049666015113486,0.007999754593896225,10.0,8.0,2.0,900.0,-115.28379500000119
114,0.5407692307692308,0.6061197805310522,0.011555742115070584,12.0,8.0,2.0,100.0,-15.94984999999906
115,0.5423076923076923,0.6036200769171701,0.008633907171918576,12.0,8.0,2.0,300.0,-46.232717000000775
116,0.5407692307692308,0.6045835782084126,0.007845871537183566,12.0,8.0,2.0,500.0,-68.78227800000059
117,0.5438461538461539,0.606122446586525,0.009627452946871617,12.0,8.0,2.0,700.0,-101.6812829999999
118,0.5446153846153846,0.607469526320393,0.009583135829094112,12.0,8.0,2.0,800.0,-105.1043609999997
119,0.5476923076923077,0.6043918992071422,0.009713041447767745,12.0,8.0,2.0,900.0,-130.43580800000018
120,0.5415384615384615,0.6053552877777133,0.013246621518188343,13.0,8.0,2.0,100.0,-15.301879000000554
121,0.5430769230769231,0.6059312123125457,0.010421265132842753,13.0,8.0,2.0,300.0,-36.290611000000354
122,0.5430769230769231,0.6041965569764037,0.005361319870144788,13.0,8.0,2.0,500.0,-78.56675400000131
123,0.5438461538461539,0.6076619828249982,0.007824820695729894,13.0,8.0,2.0,700.0,-115.32217800000035
124,0.5392307692307692,0.6041991103112053,0.009236584311193835,13.0,8.0,2.0,800.0,-127.82653500000015
125,0.5461538461538461,0.6049692660279727,0.011392826216199217,13.0,8.0,2.0,900.0,-117.41680500000075
126,0.5461538461538461,0.6426833875418199,0.013753312577122463,2.0,2.0,4.0,100.0,-4.571428999999625
127,0.5484615384615384,0.6492234443651337,0.00831550152908614,2.0,2.0,4.0,300.0,-14.78014599999915
128,0.5538461538461539,0.6473004400964335,0.01113363162822385,2.0,2.0,4.0,500.0,-25.90759000000071
129,0.5561538461538461,0.6488410854601488,0.013661066572081642,2.0,2.0,4.0,700.0,-46.538816000000224
130,0.5592307692307692,0.6515333571451712,0.012384948251525805,2.0,2.0,4.0,800.0,-50.91726199999903
131,0.5553846153846154,0.6486464087814983,0.012205352530013725,2.0,2.0,4.0,900.0,-54.7943039999991
132,0.56,0.6478791399450005,0.01259615301258428,4.0,2.0,4.0,100.0,-10.36362200000076
133,0.5615384615384615,0.649418674644625,0.014889799161976048,4.0,2.0,4.0,300.0,-27.196496999999
134,0.5561538461538461,0.6484540642281401,0.011573818272404385,4.0,2.0,4.0,500.0,-47.87510399999883
135,0.5576923076923077,0.6513421224864797,0.01407072129937367,4.0,2.0,4.0,700.0,-58.19862499999908
136,0.5538461538461539,0.6492262185247317,0.015711009881205475,4.0,2.0,4.0,800.0,-76.69272000000092
137,0.5584615384615385,0.6505711884969528,0.014161212731141681,4.0,2.0,4.0,900.0,-68.39867499999855
138,0.5546153846153846,0.6457606807248902,0.01625069051875156,6.0,2.0,4.0,100.0,-10.184934000000794
139,0.55,0.6499935989277646,0.014091172980776999,6.0,2.0,4.0,300.0,-36.27934699999969
140,0.5453846153846154,0.6472994402294531,0.011936170106088205,6.0,2.0,4.0,500.0,-57.91554199999882
141,0.5592307692307692,0.6505707453085107,0.01095388928310538,6.0,2.0,4.0,700.0,-78.96951000000081
142,0.553076923076923,0.6496077995416697,0.011826466308253241,6.0,2.0,4.0,800.0,-87.97990199999913
143,0.55,0.6528772160685892,0.012852902523557303,6.0,2.0,4.0,900.0,-94.03580399999919
144,0.5423076923076923,0.6451843141557523,0.012314620355567822,8.0,2.0,4.0,100.0,-12.324485999999524
145,0.553076923076923,0.6484549529132978,0.011134038015851862,8.0,2.0,4.0,300.0,-36.76628900000105
146,0.5515384615384615,0.6498034753178762,0.014635046593661251,8.0,2.0,4.0,500.0,-65.06203999999889
147,0.553076923076923,0.6471078727947176,0.012307209420270405,8.0,2.0,4.0,700.0,-106.4142009999996
148,0.56,0.6523052910016783,0.012090971675832857,8.0,2.0,4.0,800.0,-138.66202899999917
149,0.5484615384615384,0.649993709340163,0.01609099151358863,8.0,2.0,4.0,900.0,-123.50517800000125
150,0.5476923076923077,0.6444147124245375,0.013934499367086033,10.0,2.0,4.0,100.0,-22.49713100000008
151,0.5553846153846154,0.6457615701794723,0.013411577749811663,10.0,2.0,4.0,300.0,-62.59771499999988
152,0.55,0.6471093158501402,0.01473236062031538,10.0,2.0,4.0,500.0,-99.36640500000067
153,0.5515384615384615,0.647493339789481,0.012315445107662016,10.0,2.0,4.0,700.0,-118.9884860000002
154,0.5538461538461539,0.6482616088776715,0.010157198691465138,10.0,2.0,4.0,800.0,-157.17010200000004
155,0.556923076923077,0.6488401971597034,0.012890991502638125,10.0,2.0,4.0,900.0,-169.48524499999985
156,0.5446153846153846,0.6419147856775855,0.014770782154743829,12.0,2.0,4.0,100.0,-25.073468999999022
157,0.5553846153846154,0.6447998466432571,0.012729246640819898,12.0,2.0,4.0,300.0,-78.16442199999983
158,0.5546153846153846,0.6469176380030064,0.013517472550276738,12.0,2.0,4.0,500.0,-102.2167329999993
159,0.5546153846153846,0.6465316154838413,0.013809748167886493,12.0,2.0,4.0,700.0,-151.11284499999965
160,0.5523076923076923,0.6457616813612951,0.013089876821293273,12.0,2.0,4.0,800.0,-173.46223199999986
161,0.5492307692307692,0.6473003285298985,0.012571109273331578,12.0,2.0,4.0,900.0,-198.26146400000107
162,0.5515384615384615,0.6419122327274964,0.009950989655131704,13.0,2.0,4.0,100.0,-20.624815999999555
163,0.5561538461538461,0.6434535436432997,0.014936027256028864,13.0,2.0,4.0,300.0,-78.14737400000013
164,0.5546153846153846,0.6457623476828073,0.013406475706810394,13.0,2.0,4.0,500.0,-123.33267399999932
165,0.5584615384615385,0.6486497400043468,0.014720862491768287,13.0,2.0,4.0,700.0,-167.4291859999994
166,0.5546153846153846,0.6434539883705906,0.013779411915179562,13.0,2.0,4.0,800.0,-193.4293949999992
167,0.5538461538461539,0.6442226998777989,0.016836684176748908,13.0,2.0,4.0,900.0,-217.21344099999988
168,0.5515384615384615,0.6232473507129773,0.007133657205020965,2.0,4.0,4.0,100.0,-5.379057999998622
169,0.5561538461538461,0.6234393617208672,0.008568632433270244,2.0,4.0,4.0,300.0,-16.12438199999997
170,0.55,0.6267116655127687,0.010309766994851286,2.0,4.0,4.0,500.0,-23.91973700000017
171,0.5484615384615384,0.6261334103914926,0.007686022840439633,2.0,4.0,4.0,700.0,-34.05880699999943
172,0.5538461538461539,0.6232480154956407,0.011705123806727903,2.0,4.0,4.0,800.0,-38.859802000000855
173,0.553076923076923,0.6265174335614091,0.007473477386730886,2.0,4.0,4.0,900.0,-36.17532500000016
174,0.5415384615384615,0.6238233841213593,0.010855141717613608,4.0,4.0,4.0,100.0,-5.88153599999896
175,0.5553846153846154,0.6305571173716311,0.008934672566313098,4.0,4.0,4.0,300.0,-21.708027000000584
176,0.5476923076923077,0.6309446922044805,0.01576918678629392,4.0,4.0,4.0,500.0,-39.56183100000089
177,0.55,0.6274796006707787,0.01035388098783441,4.0,4.0,4.0,700.0,-58.616814000000886
178,0.5553846153846154,0.6297869601160148,0.011606990566683144,4.0,4.0,4.0,800.0,-60.859848000000056
179,0.5576923076923077,0.6274796010554908,0.00917023063980118,4.0,4.0,4.0,900.0,-70.95680899999934
180,0.54,0.6245936521740861,0.009251949422461717,6.0,4.0,4.0,100.0,-8.556572999998025
181,0.5546153846153846,0.6319048618881625,0.013693403495736133,6.0,4.0,4.0,300.0,-30.555123999998614
182,0.5523076923076923,0.6269035653388358,0.012193757772529262,6.0,4.0,4.0,500.0,-43.76680599999963
183,0.5546153846153846,0.6278656231899437,0.009687340414049181,6.0,4.0,4.0,700.0,-69.63789699999688
184,0.5538461538461539,0.628826569222824,0.010624670514560512,6.0,4.0,4.0,800.0,-72.68613299999924
185,0.556923076923077,0.6313260523966214,0.008473464635893838,6.0,4.0,4.0,900.0,-89.11064900000201
186,0.5453846153846154,0.6251736838962528,0.013360969619247034,8.0,4.0,4.0,100.0,-12.892112999998062
187,0.5546153846153846,0.6290176919302684,0.012099925586970659,8.0,4.0,4.0,300.0,-39.177865999998176
188,0.5553846153846154,0.6311340386957462,0.01517659852478782,8.0,4.0,4.0,500.0,-68.48514599999908
189,0.553076923076923,0.6282507562545265,0.011774750015107272,8.0,4.0,4.0,700.0,-91.13439199999993
190,0.5523076923076923,0.6320997613151706,0.0128853786138376,8.0,4.0,4.0,800.0,-87.98748299999716
191,0.5476923076923077,0.6274800446286453,0.01122352389853355,8.0,4.0,4.0,900.0,-122.0839449999985
192,0.5538461538461539,0.6305596714758569,0.009892816926033943,10.0,4.0,4.0,100.0,-12.2080309999983
193,0.5415384615384615,0.6267122202677458,0.012002894286619504,10.0,4.0,4.0,300.0,-49.8310240000028
194,0.553076923076923,0.6251715741346059,0.011745763111174125,10.0,4.0,4.0,500.0,-86.09477400000105
195,0.5561538461538461,0.6242109604930574,0.013284750603189552,10.0,4.0,4.0,700.0,-122.6257480000022
196,0.5484615384615384,0.627866732699898,0.013083717559016597,10.0,4.0,4.0,800.0,-136.128682999999
197,0.5538461538461539,0.6249802294482282,0.010488880874620138,10.0,4.0,4.0,900.0,-133.41104300000006
198,0.5461538461538461,0.6226692040805388,0.012092702945830454,12.0,4.0,4.0,100.0,-21.103712000000087
199,0.5538461538461539,0.6269032329475042,0.009812712228522076,12.0,4.0,4.0,300.0,-60.98466200000257
200,0.5523076923076923,0.6249786748262706,0.009434592113783233,12.0,4.0,4.0,500.0,-94.57207800000106
201,0.5476923076923077,0.6276756096077413,0.013526971117065426,12.0,4.0,4.0,700.0,-116.19436999999743
202,0.5476923076923077,0.6282504230937704,0.011662579956802243,12.0,4.0,4.0,800.0,-157.55711299999894
203,0.546923076923077,0.627866732699898,0.013083717559016597,12.0,4.0,4.0,900.0,-158.31740300000092
204,0.5523076923076923,0.6220920592386416,0.010516119790186388,13.0,4.0,4.0,100.0,-22.532076999999845
205,0.553076923076923,0.6292110355811825,0.013965189317196166,13.0,4.0,4.0,300.0,-56.02413400000296
206,0.546923076923077,0.6301745380265616,0.008916548476701558,13.0,4.0,4.0,500.0,-99.15270600000076
207,0.5507692307692308,0.6263289738317398,0.01448810055027062,13.0,4.0,4.0,700.0,-131.285146000002
208,0.553076923076923,0.6263268644548052,0.011644084599282116,13.0,4.0,4.0,800.0,-143.54807900000014
209,0.5515384615384615,0.6261341863559787,0.01203724439281978,13.0,4.0,4.0,900.0,-154.6830119999977
210,0.5446153846153846,0.6049648264493065,0.002131898967675019,2.0,8.0,4.0,100.0,-4.168211000000156
211,0.5346153846153846,0.6024637871147026,0.008806383151216056,2.0,8.0,4.0,300.0,-12.89672100000098
212,0.5430769230769231,0.6018873078248932,0.009616053534159516,2.0,8.0,4.0,500.0,-19.735921999999846
213,0.546923076923077,0.6030410442925591,0.006341653280728822,2.0,8.0,4.0,700.0,-30.053254000002198
214,0.5484615384615384,0.6032334992583156,0.00907814890100516,2.0,8.0,4.0,800.0,-36.07524800000101
215,0.5415384615384615,0.602463676317592,0.007991490792711579,2.0,8.0,4.0,900.0,-40.10110700000223
216,0.5446153846153846,0.6068872717311956,0.012079279366875003,4.0,8.0,4.0,100.0,-6.708211999997729
217,0.5476923076923077,0.6093918619593081,0.013690393803084965,4.0,8.0,4.0,300.0,-20.563813000000664
218,0.5523076923076923,0.6028503643888447,0.009512852879037475,4.0,8.0,4.0,500.0,-26.914301999997406
219,0.5484615384615384,0.6057360905218919,0.011395232477718734,4.0,8.0,4.0,700.0,-34.890471999999136
220,0.546923076923077,0.6059262152859168,0.008206366411999738,4.0,8.0,4.0,800.0,-42.1038120000012
221,0.5453846153846154,0.6045813568802307,0.007380725507375598,4.0,8.0,4.0,900.0,-45.6155030000009
222,0.5438461538461539,0.6051576153452435,0.0024851301320073646,6.0,8.0,4.0,100.0,-9.267635000000155
223,0.5438461538461539,0.6068889383044002,0.009011620751579718,6.0,8.0,4.0,300.0,-27.19498999999996
224,0.5453846153846154,0.6084259192845112,0.010968625488784032,6.0,8.0,4.0,500.0,-35.291418000000704
225,0.5430769230769231,0.605927547544229,0.009203884990038717,6.0,8.0,4.0,700.0,-62.86326299999928
226,0.5461538461538461,0.6059288794178288,0.011702776965610034,6.0,8.0,4.0,800.0,-57.125575999998546
227,0.5484615384615384,0.6041972217590672,0.010141848725181132,6.0,8.0,4.0,900.0,-77.7377770000021
228,0.5453846153846154,0.6030434868302499,0.008906577547315352,8.0,8.0,4.0,100.0,-11.107362999999168
229,0.5453846153846154,0.6059288798025411,0.01051245465620934,8.0,8.0,4.0,300.0,-34.65982499999882
230,0.546923076923077,0.6072725175164498,0.008734777719640702,8.0,8.0,4.0,500.0,-46.54190899999958
231,0.5453846153846154,0.6053528456247347,0.009077607954649526,8.0,8.0,4.0,700.0,-58.2211470000002
232,0.5476923076923077,0.6091978535257304,0.006957385128044346,8.0,8.0,4.0,800.0,-81.40667699999904
233,0.5453846153846154,0.6076602058393953,0.007287490252927537,8.0,8.0,4.0,900.0,-83.31462400000237
234,0.5407692307692308,0.606698037575889,0.007919493833359626,10.0,8.0,4.0,100.0,-13.29495500000121
235,0.5446153846153846,0.6063137924270393,0.007582653394249817,10.0,8.0,4.0,300.0,-40.80368600000293
236,0.5461538461538461,0.6049698219370864,0.010242658075330919,10.0,8.0,4.0,500.0,-54.19292900000073
237,0.546923076923077,0.6067005912954025,0.010454443551350693,10.0,8.0,4.0,700.0,-87.06203399999868
238,0.5446153846153846,0.6049671558816135,0.010851621522507512,10.0,8.0,4.0,800.0,-96.9316429999999
239,0.546923076923077,0.6055451901780928,0.009627241398576587,10.0,8.0,4.0,900.0,-122.8873480000002
240,0.5376923076923077,0.6015065054654268,0.010709152939241951,12.0,8.0,4.0,100.0,-15.08624200000122
241,0.5461538461538461,0.6051603898895538,0.008826936361481302,12.0,8.0,4.0,300.0,-47.814877000000706
242,0.5407692307692308,0.6059303243968124,0.00853798183733313,12.0,8.0,4.0,500.0,-77.84932300000219
243,0.5430769230769231,0.6076617604613527,0.008330853148004384,12.0,8.0,4.0,700.0,-95.44576700000107
244,0.5430769230769231,0.6059306567881441,0.010767665372676169,12.0,8.0,4.0,800.0,-107.63189399999828
245,0.5430769230769231,0.6063139036088621,0.007262311353411427,12.0,8.0,4.0,900.0,-142.12878699999783
246,0.5330769230769231,0.6053531784007785,0.010301600920640183,13.0,8.0,4.0,100.0,-16.13460500000292
247,0.5423076923076923,0.6063154578461075,0.00949387537120845,13.0,8.0,4.0,300.0,-38.289480999999796
248,0.5438461538461539,0.6038146431834223,0.00883888856679541,13.0,8.0,4.0,500.0,-78.07956399999966
249,0.5430769230769231,0.6038128665825313,0.006898137347667374,13.0,8.0,4.0,700.0,-92.14305800000147
250,0.54,0.6022749961478384,0.009709247136198487,13.0,8.0,4.0,800.0,-92.86487800000032
251,0.54,0.604390233403362,0.008701171656824689,13.0,8.0,4.0,900.0,-143.66134799999782
252,0.5476923076923077,0.6276753872440958,0.014080420224347924,2.0,2.0,8.0,100.0,-5.970637999998871
253,0.5553846153846154,0.6330582663492089,0.006758993364255178,2.0,2.0,8.0,300.0,-17.67055800000162
254,0.556923076923077,0.6365246905259349,0.012380560488533062,2.0,2.0,8.0,500.0,-27.535542000001442
255,0.5523076923076923,0.6351798313508246,0.014840791834046362,2.0,2.0,8.0,700.0,-38.60819199999969
256,0.5523076923076923,0.6363312353084859,0.011869488841787242,2.0,2.0,8.0,800.0,-41.19326100000035
257,0.553076923076923,0.6372949585786618,0.011033116559696868,2.0,2.0,8.0,900.0,-44.005167999999685
258,0.556923076923077,0.6355624099264695,0.016900468594346806,4.0,2.0,8.0,100.0,-6.494504000002053
259,0.5523076923076923,0.6411414095350803,0.010897835950771111,4.0,2.0,8.0,300.0,-23.043580000001384
260,0.5576923076923077,0.6367148149052477,0.009883991287614611,4.0,2.0,8.0,500.0,-33.55953199999931
261,0.5576923076923077,0.6353687331147994,0.014919806028338646,4.0,2.0,8.0,700.0,-45.50681899999836
262,0.5507692307692308,0.6349850442597756,0.011399213273382374,4.0,2.0,8.0,800.0,-56.00253000000157
263,0.5538461538461539,0.6382554598842511,0.01333522666319814,4.0,2.0,8.0,900.0,-76.16033400000015
264,0.5476923076923077,0.6382557938144315,0.011036342135907273,6.0,2.0,8.0,100.0,-12.56118300000162
265,0.5546153846153846,0.6376779814968856,0.012909749583821233,6.0,2.0,8.0,300.0,-33.87302400000044
266,0.5538461538461539,0.6394091951977806,0.013694410840467889,6.0,2.0,8.0,500.0,-53.525871999998344
267,0.5561538461538461,0.6380617826878686,0.012615674465722098,6.0,2.0,8.0,700.0,-86.86018799999874
268,0.5461538461538461,0.6388322719501045,0.013701292641559323,6.0,2.0,8.0,800.0,-97.47198799999751
269,0.5538461538461539,0.637483749545526,0.010633415142753894,6.0,2.0,8.0,900.0,-98.24272800000108
270,0.5484615384615384,0.6299840785629318,0.017206894999334567,8.0,2.0,8.0,100.0,-14.120568000002095
271,0.5484615384615384,0.6363305693716859,0.010585795562066605,8.0,2.0,8.0,300.0,-39.638386000002356
272,0.5561538461538461,0.6342162204166079,0.011848773436896097,8.0,2.0,8.0,500.0,-68.89405999999872
273,0.5553846153846154,0.6378725473784256,0.013346638019813145,8.0,2.0,8.0,700.0,-99.14881599999717
274,0.5507692307692308,0.6357535349421871,0.011010050374307417,8.0,2.0,8.0,800.0,-124.49992799999745
275,0.5546153846153846,0.6376788697973311,0.01344883195044668,8.0,2.0,8.0,900.0,-139.8447759999981
276,0.5584615384615385,0.6342166628356257,0.01726974073209126,10.0,2.0,8.0,100.0,-16.729881000002933
277,0.5576923076923077,0.6363309017630177,0.013030947111867289,10.0,2.0,8.0,300.0,-54.63600399999996
278,0.553076923076923,0.6405659304969634,0.010027057222457513,10.0,2.0,8.0,500.0,-84.70978399999876
279,0.5553846153846154,0.6378717698750909,0.013443456312070303,10.0,2.0,8.0,700.0,-110.44907799999783
280,0.5507692307692308,0.6351761677366444,0.010196581724779972,10.0,2.0,8.0,800.0,-120.09232899999915
281,0.553076923076923,0.6357538673335188,0.013452357470964012,10.0,2.0,8.0,900.0,-171.30058199999985
282,0.5476923076923077,0.6326782384153798,0.015963862521135755,12.0,2.0,8.0,100.0,-23.095821999999316
283,0.5476923076923077,0.6351771660647759,0.01392366101019842,12.0,2.0,8.0,300.0,-52.163894999997865
284,0.5476923076923077,0.6334465082729949,0.011590639898020495,12.0,2.0,8.0,500.0,-91.60279599999922
285,0.5553846153846154,0.6361398894679714,0.0137968546334174,12.0,2.0,8.0,700.0,-121.34698199999912
286,0.5546153846153846,0.6371017249554338,0.011930731536887182,12.0,2.0,8.0,800.0,-163.01751700000023
287,0.5576923076923077,0.6363329014969784,0.011286957213171307,12.0,2.0,8.0,900.0,-191.22889200000282
288,0.54,0.6299828571017303,0.016476980099936867,13.0,2.0,8.0,100.0,-23.572337999998126
289,0.5646153846153846,0.6330601514389372,0.015748761233098166,13.0,2.0,8.0,300.0,-68.29308599999786
290,0.5492307692307692,0.6357543112913854,0.014304672644188936,13.0,2.0,8.0,500.0,-102.43871099999888
291,0.556923076923077,0.6332548296564365,0.01243009379925224,13.0,2.0,8.0,700.0,-129.8184250000013
292,0.5484615384615384,0.6369093800173634,0.012462735237758612,13.0,2.0,8.0,800.0,-161.96768400000292
293,0.5476923076923077,0.6344087861794749,0.015137783434206008,13.0,2.0,8.0,900.0,-202.29595100000006
294,0.5492307692307692,0.6228626600674122,0.010267501428903113,2.0,4.0,8.0,100.0,-5.7183119999972405
295,0.5538461538461539,0.6226704270805891,0.008337150730660088,2.0,4.0,8.0,300.0,-13.726388999999472
296,0.5507692307692308,0.626709444569299,0.009226533427072216,2.0,4.0,8.0,500.0,-25.706708000001527
297,0.5438461538461539,0.6261329660489138,0.007851044465138002,2.0,4.0,8.0,700.0,-39.151778999999806
298,0.5484615384615384,0.6253624756325414,0.010163727117336924,2.0,4.0,8.0,800.0,-39.692769000001135
299,0.5523076923076923,0.6253621428564976,0.00893206625232646,2.0,4.0,8.0,900.0,-50.27603900000031
300,0.5523076923076923,0.6295966149119051,0.009787132054835395,4.0,4.0,8.0,100.0,-9.060806000001321
301,0.5553846153846154,0.6295953930659915,0.010427332655537042,4.0,4.0,8.0,300.0,-24.318280999999843
302,0.5553846153846154,0.6276730558882277,0.010867438005041249,4.0,4.0,8.0,500.0,-38.012838000002375
303,0.5523076923076923,0.6297876272069513,0.009066626104753997,4.0,4.0,8.0,700.0,-58.865153999999166
304,0.5561538461538461,0.6294024918340951,0.014311400391308918,4.0,4.0,8.0,800.0,-58.019265999999334
305,0.5523076923076923,0.6278649568684315,0.009435425570034264,4.0,4.0,8.0,900.0,-73.65055900000152
306,0.5461538461538461,0.6272881421095928,0.017403629601608045,6.0,4.0,8.0,100.0,-8.178516999996646
307,0.553076923076923,0.6303678816774757,0.011030474224338296,6.0,4.0,8.0,300.0,-31.793980000002193
308,0.5515384615384615,0.6269051203455055,0.012143813797842382,6.0,4.0,8.0,500.0,-39.87931299999764
309,0.5584615384615385,0.6288253481463345,0.008934474112181262,6.0,4.0,8.0,700.0,-70.58111000000281
310,0.5515384615384615,0.6313288284797806,0.009551701114562605,6.0,4.0,8.0,800.0,-88.76921799999764
311,0.5484615384615384,0.628056745897388,0.010737377083301695,6.0,4.0,8.0,900.0,-91.31255299999975
312,0.5446153846153846,0.6297875148709919,0.013185369887133203,8.0,4.0,8.0,100.0,-14.673456000000442
313,0.5507692307692308,0.629595615429637,0.00962068692176524,8.0,4.0,8.0,300.0,-33.06953499999872
314,0.5592307692307692,0.6322881087088805,0.01069714829375504,8.0,4.0,8.0,500.0,-57.35985300000175
315,0.5484615384615384,0.6303661043071606,0.011978612845878669,8.0,4.0,8.0,700.0,-84.87243700000181
316,0.5515384615384615,0.627671945608849,0.009813185023540137,8.0,4.0,8.0,800.0,-93.26518999999826
317,0.5553846153846154,0.6280576349672579,0.009027535031666962,8.0,4.0,8.0,900.0,-113.34835800000292
318,0.546923076923077,0.624015394744537,0.013973931591414187,10.0,4.0,8.0,100.0,-14.9675270000007
319,0.5584615384615385,0.6297876272069513,0.009066626104753997,10.0,4.0,8.0,300.0,-52.638270999999804
320,0.5476923076923077,0.6303666598315621,0.01130154825265416,10.0,4.0,8.0,500.0,-71.58949199999915
321,0.5515384615384615,0.6253659176525005,0.013145846349783904,10.0,4.0,8.0,700.0,-108.97115800000029
322,0.5584615384615385,0.6280584124705927,0.009055862960283876,10.0,4.0,8.0,800.0,-126.6710490000005
323,0.5523076923076923,0.6288273463414465,0.011568686457566217,10.0,4.0,8.0,900.0,-132.7633539999988
324,0.5515384615384615,0.6242106269475891,0.014262171705461235,12.0,4.0,8.0,100.0,-22.252948000001197
325,0.5507692307692308,0.6261348522927787,0.01340514799656905,12.0,4.0,8.0,300.0,-51.351707999998325
326,0.5538461538461539,0.6286352233823096,0.012547979345513514,12.0,4.0,8.0,500.0,-68.9735929999988
327,0.5461538461538461,0.6269060086459509,0.013025311211305367,12.0,4.0,8.0,700.0,-96.65601400000014
328,0.5430769230769231,0.6244031938645928,0.014190423475632593,12.0,4.0,8.0,800.0,-105.98087200000009
329,0.5476923076923077,0.6288295676696284,0.01185548991851858,12.0,4.0,8.0,900.0,-117.06657600000108
330,0.5430769230769231,0.6245922075798148,0.01194687386356867,13.0,4.0,8.0,100.0,-13.87755499999912
331,0.5453846153846154,0.6274809321596663,0.014155435780226419,13.0,4.0,8.0,300.0,-41.725492000001395
332,0.5430769230769231,0.6267107764428989,0.011835894358466737,13.0,4.0,8.0,500.0,-69.34374600000228
333,0.5461538461538461,0.6265198749449632,0.013602792597980728,13.0,4.0,8.0,700.0,-97.17107899999974
334,0.5453846153846154,0.6257492745009047,0.012642663657615755,13.0,4.0,8.0,800.0,-111.1298080000015
335,0.5453846153846154,0.6269048983665723,0.011675449144651526,13.0,4.0,8.0,900.0,-125.03549700000076
336,0.5430769230769231,0.6034281763216784,0.008959104336030494,2.0,8.0,8.0,100.0,-2.8828450000000885
337,0.5461538461538461,0.6030402664045121,0.008108108767957591,2.0,8.0,8.0,300.0,-8.632501000000047
338,0.5430769230769231,0.6026542450394837,0.006001985468706763,2.0,8.0,8.0,500.0,-14.282664000002114
339,0.5438461538461539,0.6026567979895728,0.009472815037501336,2.0,8.0,8.0,700.0,-19.984221999999136
340,0.5484615384615384,0.6036189666377912,0.0075944674089438256,2.0,8.0,8.0,800.0,-22.94274199999927
341,0.5484615384615384,0.6003494389290489,0.007639203016505056,2.0,8.0,8.0,900.0,-25.622878999998647
342,0.5507692307692308,0.6065058042043536,0.006937221127995645,4.0,8.0,8.0,100.0,-4.360184999997728
343,0.5507692307692308,0.6065045808195912,0.012526083295187514,4.0,8.0,8.0,300.0,-12.939303999999538
344,0.5446153846153846,0.6061214467195447,0.010411121532584437,4.0,8.0,8.0,500.0,-21.4545990000006
345,0.5438461538461539,0.6034272876365209,0.009433637357902213,4.0,8.0,8.0,700.0,-30.16776000000027
346,0.5492307692307692,0.6036197433717018,0.009703028670759773,4.0,8.0,8.0,800.0,-34.3579009999994
347,0.5438461538461539,0.6082381277999152,0.009781436069223205,4.0,8.0,8.0,900.0,-38.60730599999806
348,0.5453846153846154,0.6042009977092065,0.0118961521330595,6.0,8.0,8.0,100.0,-5.765239000000292
349,0.54,0.6061201152306569,0.0066274524386048745,6.0,8.0,8.0,300.0,-17.184109999998327
350,0.5423076923076923,0.6068917143875593,0.010069445214943962,6.0,8.0,8.0,500.0,-28.614598000000115
351,0.55,0.607274960438853,0.00907323165405622,6.0,8.0,8.0,700.0,-40.07086900000286
352,0.5446153846153846,0.6043898994731814,0.0108514752712331,6.0,8.0,8.0,800.0,-46.04989800000112
353,0.5484615384615384,0.608236129220091,0.008417331078781818,6.0,8.0,8.0,900.0,-51.68449099999998
354,0.5430769230769231,0.6055399723266673,0.004876928185748545,8.0,8.0,8.0,100.0,-7.282144000000699
355,0.55,0.6074689711807036,0.008960511959555491,8.0,8.0,8.0,300.0,-21.441769999997632
356,0.5392307692307692,0.6065058038196415,0.008090497958531543,8.0,8.0,8.0,500.0,-35.64070400000128
357,0.5453846153846154,0.6066972600725541,0.008247129638358885,8.0,8.0,8.0,700.0,-50.13338900000235
358,0.5453846153846154,0.6065081351755094,0.011234176614119028,8.0,8.0,8.0,800.0,-57.03433700000096
359,0.5423076923076923,0.6055444134441824,0.0074680333520258805,8.0,8.0,8.0,900.0,-64.544038
360,0.5523076923076923,0.6097783292057639,0.011314815386380482,10.0,8.0,8.0,100.0,-8.566599000001588
361,0.5430769230769231,0.6047749236642148,0.006654926486448954,10.0,8.0,8.0,300.0,-25.701654000000417
362,0.5446153846153846,0.6063135708328182,0.006028919455701318,10.0,8.0,8.0,500.0,-42.729065999999875
363,0.546923076923077,0.6074699702782596,0.010515700527226507,10.0,8.0,8.0,700.0,-60.005827999997564
364,0.546923076923077,0.606892715023964,0.007655083771883625,10.0,8.0,8.0,800.0,-68.43606300000101
365,0.5415384615384615,0.6049686000911728,0.009984379508512468,10.0,8.0,8.0,900.0,-77.4381719999983
366,0.5376923076923077,0.6007344604270969,0.011124163251754589,12.0,8.0,8.0,100.0,-10.037820999998075
367,0.5407692307692308,0.6047762555378147,0.009479038880686555,12.0,8.0,8.0,300.0,-29.944860999999946
368,0.5423076923076923,0.6061236688171509,0.008840129434437847,12.0,8.0,8.0,500.0,-49.81613700000162
369,0.5438461538461539,0.6072754051661439,0.007554843257069431,12.0,8.0,8.0,700.0,-69.59084799999982
370,0.5438461538461539,0.6074701922571929,0.010982605670040922,12.0,8.0,8.0,800.0,-79.74166599999808
371,0.54,0.607468527222837,0.008040802398324057,12.0,8.0,8.0,900.0,-89.83454500000153
372,0.5376923076923077,0.6042008857579596,0.013969105854148943,13.0,8.0,8.0,100.0,-10.676048999997874
373,0.5453846153846154,0.602853585584007,0.009959220051729473,13.0,8.0,8.0,300.0,-31.996305000000575
374,0.5430769230769231,0.6036202996655277,0.006922822362305251,13.0,8.0,8.0,500.0,-53.39530300000115
375,0.54,0.6047747013005693,0.0072125355777801076,13.0,8.0,8.0,700.0,-74.98633100000006
376,0.5415384615384615,0.6059293252992564,0.006923764913785027,13.0,8.0,8.0,800.0,-85.7194840000011
377,0.54,0.607663426265133,0.009559373009958851,13.0,8.0,8.0,900.0,-96.23782399999982
378,0.55,0.6228589956838078,0.008922879908151939,2.0,2.0,12.0,100.0,-3.5365660000024945
379,0.5507692307692308,0.6251727967499441,0.009482191639810376,2.0,2.0,12.0,300.0,-10.56980399999884
380,0.5576923076923077,0.6265180987287846,0.011125327070755987,2.0,2.0,12.0,500.0,-17.62735199999952
381,0.5507692307692308,0.6245926530765301,0.007869704652078837,2.0,2.0,12.0,700.0,-24.76758300000074
382,0.5515384615384615,0.6253626983808992,0.008193262915127335,2.0,2.0,12.0,800.0,-28.403675999998086
383,0.5576923076923077,0.6224773054086082,0.0066824204959899675,2.0,2.0,12.0,900.0,-31.729318999998213
384,0.546923076923077,0.6261319646430846,0.013702194562931626,4.0,2.0,12.0,100.0,-5.5199309999989055
385,0.5523076923076923,0.6247838861963729,0.011504011516968402,4.0,2.0,12.0,300.0,-16.5122080000001
386,0.5538461538461539,0.6263235328472446,0.011173755479324773,4.0,2.0,12.0,500.0,-27.4311200000011
387,0.5546153846153846,0.6272879220542205,0.011033411216106083,4.0,2.0,12.0,700.0,-38.41877799999929
388,0.5515384615384615,0.6288271247472254,0.009967157616106148,4.0,2.0,12.0,800.0,-43.99682500000199
389,0.5523076923076923,0.6269033437446146,0.010602938320828493,4.0,2.0,12.0,900.0,-49.574971999998525
390,0.5515384615384615,0.6269041204785252,0.01275518115759162,6.0,2.0,12.0,100.0,-7.438341000000946
391,0.5553846153846154,0.6297901809264648,0.011185708755615103,6.0,2.0,12.0,300.0,-22.651496999998926
392,0.5538461538461539,0.6267108876247216,0.011479561603427403,6.0,2.0,12.0,500.0,-37.15567999999985
393,0.55,0.6288272359290482,0.009622519814392553,6.0,2.0,12.0,700.0,-51.92630199999985
394,0.5538461538461539,0.628248756905278,0.012604326090545922,6.0,2.0,12.0,800.0,-59.43318399999771
395,0.5507692307692308,0.6299793058235096,0.00857811103232115,6.0,2.0,12.0,900.0,-66.83145199999854
396,0.5492307692307692,0.6268994566126525,0.011532444699260425,8.0,2.0,12.0,100.0,-9.341060999999172
397,0.5407692307692308,0.6284404359065484,0.010860898630437071,8.0,2.0,12.0,300.0,-28.051127999999153
398,0.553076923076923,0.6276711681055142,0.010154929239402238,8.0,2.0,12.0,500.0,-46.674871999999596
399,0.553076923076923,0.627480933313803,0.010726391810577923,8.0,2.0,12.0,700.0,-65.33051100000012
400,0.556923076923077,0.6299820815219564,0.010868127037955233,8.0,2.0,12.0,800.0,-74.7731590000003
401,0.5561538461538461,0.630749906267568,0.00920495847722839,8.0,2.0,12.0,900.0,-84.23853599999711
402,0.5546153846153846,0.626324975517955,0.014374251394485253,10.0,2.0,12.0,100.0,-11.230840000000171
403,0.5546153846153846,0.6236312619316466,0.009438426242222587,10.0,2.0,12.0,300.0,-33.643615999997564
404,0.5538461538461539,0.6276752768316974,0.012325523641397263,10.0,2.0,12.0,500.0,-56.071115999999165
405,0.5523076923076923,0.6259412866629313,0.010866921368487974,10.0,2.0,12.0,700.0,-78.7657220000001
406,0.556923076923077,0.6253644745970779,0.010664893720150502,10.0,2.0,12.0,800.0,-91.07410400000299
407,0.5492307692307692,0.6269047871847495,0.011961063022878915,10.0,2.0,12.0,900.0,-101.17267800000263
408,0.5492307692307692,0.6203637316485918,0.014796126003287448,12.0,2.0,12.0,100.0,-13.132849999994505
409,0.5507692307692308,0.626327308797384,0.011494674441497021,12.0,2.0,12.0,300.0,-39.41490600000543
410,0.5492307692307692,0.6280607438264607,0.01255014645417636,12.0,2.0,12.0,500.0,-65.60241200000019
411,0.55,0.6236338168052967,0.009066919107691649,12.0,2.0,12.0,700.0,-91.67709099999774
412,0.5461538461538461,0.6269046767723511,0.010200837059225238,12.0,2.0,12.0,800.0,-105.79388800000015
413,0.5492307692307692,0.6251734623020319,0.011871232167871117,12.0,2.0,12.0,900.0,-118.87023600000248
414,0.5453846153846154,0.6305581160844749,0.011399622260278422,13.0,2.0,12.0,100.0,-14.09841900000174
415,0.5476923076923077,0.6244030849910431,0.008350053511595356,13.0,2.0,12.0,300.0,-42.16972300000634
416,0.5538461538461539,0.6242105165351908,0.012362896275091935,13.0,2.0,12.0,500.0,-70.2458839999963
417,0.5523076923076923,0.6257493852980154,0.01344006437354661,13.0,2.0,12.0,700.0,-98.91564199999993
418,0.55,0.6243994194533021,0.00923208845631812,13.0,2.0,12.0,800.0,-112.77380400000402
419,0.5507692307692308,0.6255570411293693,0.011705879803311151,13.0,2.0,12.0,900.0,-126.70687899999757
420,0.5415384615384615,0.6205537456155064,0.00994362483844111,2.0,4.0,12.0,100.0,-3.3710290000017267
421,0.5507692307692308,0.6193993435957527,0.010723726969384525,2.0,4.0,12.0,300.0,-9.938770000000659
422,0.55,0.6215135821384322,0.007571163467690644,2.0,4.0,12.0,500.0,-16.543359000002965
423,0.5561538461538461,0.6224771930726489,0.010320183341522293,2.0,4.0,12.0,700.0,-23.11737400000129
424,0.5492307692307692,0.6203597364125044,0.005366838522549336,2.0,4.0,12.0,800.0,-26.40759799999796
425,0.5453846153846154,0.6186289655153395,0.009092193745908058,2.0,4.0,12.0,900.0,-30.139502999998513
426,0.5492307692307692,0.6207449791200613,0.011820982955930355,4.0,4.0,12.0,100.0,-5.146348999995098
427,0.5446153846153846,0.6207456462109979,0.009620076666140684,4.0,4.0,12.0,300.0,-15.33381900000677
428,0.55,0.6188211988868749,0.010051619095555565,4.0,4.0,12.0,500.0,-25.525995999996667
429,0.546923076923077,0.6188205321806507,0.011125882365192857,4.0,4.0,12.0,700.0,-35.72870400000102
430,0.5492307692307692,0.6220931695180203,0.011582485736223258,4.0,4.0,12.0,800.0,-40.68829099999857
431,0.5484615384615384,0.6201680562570974,0.010683469170960979,4.0,4.0,12.0,900.0,-45.99812300000485
432,0.5476923076923077,0.6180500433031271,0.00879291948362175,6.0,4.0,12.0,100.0,-6.912787000001117
433,0.5484615384615384,0.6199771539897375,0.014685133223411206,6.0,4.0,12.0,300.0,-20.798972999997204
434,0.5507692307692308,0.6224756384506914,0.009749856306090137,6.0,4.0,12.0,500.0,-34.335602000006475
435,0.5507692307692308,0.6251715745193182,0.010602414878121304,6.0,4.0,12.0,700.0,-48.11013900000398
436,0.5523076923076923,0.6217063702649449,0.010291941649054944,6.0,4.0,12.0,800.0,-55.01915100000042
437,0.5484615384615384,0.6236308183584922,0.007385354440080738,6.0,4.0,12.0,900.0,-62.08145700000023
438,0.5476923076923077,0.6203604011951679,0.010145823607024476,8.0,4.0,12.0,100.0,-8.620441999999457
439,0.5423076923076923,0.6230537831595689,0.010194177444377336,8.0,4.0,12.0,300.0,-25.932927000001655
440,0.5461538461538461,0.6234393601820184,0.013219102071110394,8.0,4.0,12.0,500.0,-43.09413899999345
441,0.5476923076923077,0.6205533008882154,0.011298958732839414,8.0,4.0,12.0,700.0,-60.53744900000311
442,0.5430769230769231,0.6207443131832614,0.010563893748261277,8.0,4.0,12.0,800.0,-68.94762700000138
443,0.5461538461538461,0.6228608834665215,0.0090758669771502,8.0,4.0,12.0,900.0,-77.78451199999836
444,0.5392307692307692,0.6182461634219125,0.011398491740488105,10.0,4.0,12.0,100.0,-10.391520999997738
445,0.5492307692307692,0.6195917997156456,0.009888852678617771,10.0,4.0,12.0,300.0,-31.14118099999905
446,0.5476923076923077,0.6224799699252324,0.01047198972507967,10.0,4.0,12.0,500.0,-51.85378800000035
447,0.5461538461538461,0.6209379915337805,0.00798726317005596,10.0,4.0,12.0,700.0,-72.48942800000077
448,0.5507692307692308,0.6197850329541614,0.010214264721532527,10.0,4.0,12.0,800.0,-82.94704099999944
449,0.5484615384615384,0.6220923931688219,0.008306589393336412,10.0,4.0,12.0,900.0,-94.13829999999871
450,0.5523076923076923,0.6180547060148632,0.014795216661257129,12.0,4.0,12.0,100.0,-12.1308760000029
451,0.5461538461538461,0.6188216432294538,0.009810164891604863,12.0,4.0,12.0,300.0,-36.705361000000266
452,0.5461538461538461,0.6207465345114433,0.01035256175350445,12.0,4.0,12.0,500.0,-60.59419000000344
453,0.55,0.6180531529317544,0.009485020167884146,12.0,4.0,12.0,700.0,-84.8456989999977
454,0.5476923076923077,0.6205528576997731,0.008111929399724611,12.0,4.0,12.0,800.0,-97.01933399999689
455,0.55,0.6186300761794304,0.009274293565925592,12.0,4.0,12.0,900.0,-109.28843899999629
456,0.5415384615384615,0.6194040082310496,0.013389816360921415,13.0,4.0,12.0,100.0,-13.035362999995414
457,0.5407692307692308,0.6190175421387303,0.011208671269933728,13.0,4.0,12.0,300.0,-38.997896000000765
458,0.5415384615384615,0.6188241969489673,0.012550855813869485,13.0,4.0,12.0,500.0,-64.83374100000219
459,0.5492307692307692,0.616898528163643,0.011842682741524163,13.0,4.0,12.0,700.0,-91.00826000000234
460,0.5492307692307692,0.6182454978698247,0.009007826051364904,13.0,4.0,12.0,800.0,-103.85225499999797
461,0.5446153846153846,0.619592021694579,0.010352138614411517,13.0,4.0,12.0,900.0,-116.80183699999907
462,0.5438461538461539,0.5974633796352458,0.006213793522696597,2.0,8.0,12.0,100.0,-2.8832279999987804
463,0.5453846153846154,0.6015018419842663,0.0062078713690373825,2.0,8.0,12.0,300.0,-8.569438999998965
464,0.5438461538461539,0.5995790600792116,0.008181096093405282,2.0,8.0,12.0,500.0,-14.279196999996202
465,0.5430769230769231,0.6007334624836774,0.006283072686936011,2.0,8.0,12.0,700.0,-19.97132699999929
466,0.5438461538461539,0.6022699987364974,0.008852991030004111,2.0,8.0,12.0,800.0,-22.875465000004624
467,0.5446153846153846,0.6015030622913312,0.01034836130255499,2.0,8.0,12.0,900.0,-25.981119999996736
468,0.5492307692307692,0.6066969269117982,0.008263472931488661,4.0,8.0,12.0,100.0,-4.300565999998071
469,0.5376923076923077,0.6090075075521965,0.007654529991056906,4.0,8.0,12.0,300.0,-12.905398000002606
470,0.5453846153846154,0.6057354245850918,0.010152013827433713,4.0,8.0,12.0,500.0,-21.470430999994278
471,0.5507692307692308,0.6045823555930746,0.009960361075367147,4.0,8.0,12.0,700.0,-30.171039000000746
472,0.5446153846153846,0.6053517338065072,0.012515504334273035,4.0,8.0,12.0,800.0,-34.48306400000001
473,0.5476923076923077,0.6053540667012239,0.011147973402928673,4.0,8.0,12.0,900.0,-38.7183309999964
474,0.5446153846153846,0.6080492260359404,0.011038517682152953,6.0,8.0,12.0,100.0,-5.737537000000884
475,0.546923076923077,0.6036179671555231,0.007604166998483432,6.0,8.0,12.0,300.0,-17.15449400000216
476,0.5446153846153846,0.6074690819778142,0.009739801089858014,6.0,8.0,12.0,500.0,-28.710165999997116
477,0.54,0.6059273251805833,0.01004461037208341,6.0,8.0,12.0,700.0,-40.10719799999788
478,0.5484615384615384,0.6061198917128748,0.011130475946956509,6.0,8.0,12.0,800.0,-45.83666799999628
479,0.5461538461538461,0.6055435243743125,0.009106881322835273,6.0,8.0,12.0,900.0,-51.555739000003086
480,0.5446153846153846,0.6053502922899333,0.005541441227728886,8.0,8.0,12.0,100.0,-7.142472999999882
481,0.5407692307692308,0.6036206320568593,0.009218242213345145,8.0,8.0,12.0,300.0,-21.349028999997245
482,0.5430769230769231,0.6074697482993262,0.010049191306604222,8.0,8.0,12.0,500.0,-35.854866999994556
483,0.5423076923076923,0.6080461156378886,0.011563269099851161,8.0,8.0,12.0,700.0,-50.102476000000024
484,0.5415384615384615,0.6063134588815711,0.008627363180620752,8.0,8.0,12.0,800.0,-57.64309299999877
485,0.5446153846153846,0.605735424969804,0.00892910015691854,8.0,8.0,12.0,900.0,-64.2917660000021
486,0.5423076923076923,0.6068892726192928,0.0052535949539277435,10.0,8.0,12.0,100.0,-8.583503000001656
487,0.5430769230769231,0.6020832063494574,0.010884815019003053,10.0,8.0,12.0,300.0,-25.640549999996438
488,0.5461538461538461,0.6061224469712372,0.008578050463121416,10.0,8.0,12.0,500.0,-42.648412999995344
489,0.5492307692307692,0.6086223737181892,0.007822968846544565,10.0,8.0,12.0,700.0,-60.04394300000422
490,0.5430769230769231,0.6049678233572623,0.007838856883160385,10.0,8.0,12.0,800.0,-68.38193200000387
491,0.5476923076923077,0.6059279922715198,0.007594921313681417,10.0,8.0,12.0,900.0,-77.11839100000361
492,0.5384615384615384,0.604583132326985,0.012106235692589147,12.0,8.0,12.0,100.0,-9.972802000003867
493,0.54,0.6061238900266598,0.011132907235813831,12.0,8.0,12.0,300.0,-30.0653239999956
494,0.5423076923076923,0.6049688224548183,0.009472765494153093,12.0,8.0,12.0,500.0,-49.75276499999745
495,0.536923076923077,0.6051597239527539,0.007425021629648675,12.0,8.0,12.0,700.0,-70.01606699999684
496,0.5453846153846154,0.6068938245339184,0.010888334361918698,12.0,8.0,12.0,800.0,-79.97019400000136
497,0.5446153846153846,0.6068929366181851,0.009004111250947884,12.0,8.0,12.0,900.0,-89.77310900000157
498,0.5461538461538461,0.601121260834309,0.009992003888390753,13.0,8.0,12.0,100.0,-10.670321999998123
499,0.5423076923076923,0.6040054331148228,0.007891413073358163,13.0,8.0,12.0,300.0,-31.97482399999717
500,0.5446153846153846,0.6066997037643815,0.007589066697175479,13.0,8.0,12.0,500.0,-53.47475999999733
501,0.5492307692307692,0.6028512526892902,0.010197161167777651,13.0,8.0,12.0,700.0,-74.75987700000405
502,0.54,0.6070846152347433,0.008067771800049837,13.0,8.0,12.0,800.0,-85.3059110000031
503,0.5446153846153846,0.6034278431609225,0.008824541633061973,13.0,8.0,12.0,900.0,-96.12462099999539
